/Users/bgcarvalho/Documents/Personal/pos_nanodegree_SDC/CarND-Term1-P3/data/IMG/center_2017_10_25_18_12_51_924.jpg,/Users/bgcarvalho/Documents/Personal/pos_nanodegree_SDC/CarND-Term1-P3/data/IMG/left_2017_10_25_18_12_51_924.jpg,/Users/bgcarvalho/Documents/Personal/pos_nanodegree_SDC/CarND-Term1-P3/data/IMG/right_2017_10_25_18_12_51_924.jpg,0,0,0,22.24362
/Users/bgcarvalho/Documents/Personal/pos_nanodegree_SDC/CarND-Term1-P3/data/IMG/center_2017_10_25_18_12_52_018.jpg,/Users/bgcarvalho/Documents/Personal/pos_nanodegree_SDC/CarND-Term1-P3/data/IMG/left_2017_10_25_18_12_52_018.jpg,/Users/bgcarvalho/Documents/Personal/pos_nanodegree_SDC/CarND-Term1-P3/data/IMG/right_2017_10_25_18_12_52_018.jpg,0,0,0,22.06568
/Users/bgcarvalho/Documents/Personal/pos_nanodegree_SDC/CarND-Term1-P3/data/IMG/center_2017_10_25_18_12_52_110.jpg,/Users/bgcarvalho/Documents/Personal/pos_nanodegree_SDC/CarND-Term1-P3/data/IMG/left_2017_10_25_18_12_52_110.jpg,/Users/bgcarvalho/Documents/Personal/pos_nanodegree_SDC/CarND-Term1-P3/data/IMG/right_2017_10_25_18_12_52_110.jpg,0,0,0,21.86094
/Users/bgcarvalho/Documents/Personal/pos_nanodegree_SDC/CarND-Term1-P3/data/IMG/center_2017_10_25_18_12_52_184.jpg,/Users/bgcarvalho/Documents/Personal/pos_nanodegree_SDC/CarND-Term1-P3/data/IMG/left_2017_10_25_18_12_52_184.jpg,/Users/bgcarvalho/Documents/Personal/pos_nanodegree_SDC/CarND-Term1-P3/data/IMG/right_2017_10_25_18_12_52_184.jpg,0,0,0,21.68594
/Users/bgcarvalho/Documents/Personal/pos_nanodegree_SDC/CarND-Term1-P3/data/IMG/center_2017_10_25_18_12_52_282.jpg,/Users/bgcarvalho/Documents/Personal/pos_nanodegree_SDC/CarND-Term1-P3/data/IMG/left_2017_10_25_18_12_52_282.jpg,/Users/bgcarvalho/Documents/Personal/pos_nanodegree_SDC/CarND-Term1-P3/data/IMG/right_2017_10_25_18_12_52_282.jpg,0,0,0,21.44975
/Users/bgcarvalho/Documents/Personal/pos_nanodegree_SDC/CarND-Term1-P3/data/IMG/center_2017_10_25_18_12_52_380.jpg,/Users/bgcarvalho/Documents/Personal/pos_nanodegree_SDC/CarND-Term1-P3/data/IMG/left_2017_10_25_18_12_52_380.jpg,/Users/bgcarvalho/Documents/Personal/pos_nanodegree_SDC/CarND-Term1-P3/data/IMG/right_2017_10_25_18_12_52_380.jpg,0,0,0,21.2568
/Users/bgcarvalho/Documents/Personal/pos_nanodegree_SDC/CarND-Term1-P3/data/IMG/center_2017_10_25_18_12_52_473.jpg,/Users/bgcarvalho/Documents/Personal/pos_nanodegree_SDC/CarND-Term1-P3/data/IMG/left_2017_10_25_18_12_52_473.jpg,/Users/bgcarvalho/Documents/Personal/pos_nanodegree_SDC/CarND-Term1-P3/data/IMG/right_2017_10_25_18_12_52_473.jpg,0,0,0,21.09235
/Users/bgcarvalho/Documents/Personal/pos_nanodegree_SDC/CarND-Term1-P3/data/IMG/center_2017_10_25_18_12_52_547.jpg,/Users/bgcarvalho/Documents/Personal/pos_nanodegree_SDC/CarND-Term1-P3/data/IMG/left_2017_10_25_18_12_52_547.jpg,/Users/bgcarvalho/Documents/Personal/pos_nanodegree_SDC/CarND-Term1-P3/data/IMG/right_2017_10_25_18_12_52_547.jpg,0,0,0,20.94024
/Users/bgcarvalho/Documents/Personal/pos_nanodegree_SDC/CarND-Term1-P3/data/IMG/center_2017_10_25_18_12_52_614.jpg,/Users/bgcarvalho/Documents/Personal/pos_nanodegree_SDC/CarND-Term1-P3/data/IMG/left_2017_10_25_18_12_52_614.jpg,/Users/bgcarvalho/Documents/Personal/pos_nanodegree_SDC/CarND-Term1-P3/data/IMG/right_2017_10_25_18_12_52_614.jpg,0,0,0,20.69876
/Users/bgcarvalho/Documents/Personal/pos_nanodegree_SDC/CarND-Term1-P3/data/IMG/center_2017_10_25_18_12_52_691.jpg,/Users/bgcarvalho/Documents/Personal/pos_nanodegree_SDC/CarND-Term1-P3/data/IMG/left_2017_10_25_18_12_52_691.jpg,/Users/bgcarvalho/Documents/Personal/pos_nanodegree_SDC/CarND-Term1-P3/data/IMG/right_2017_10_25_18_12_52_691.jpg,0,0,0,20.51043
/Users/bgcarvalho/Documents/Personal/pos_nanodegree_SDC/CarND-Term1-P3/data/IMG/center_2017_10_25_18_12_52_782.jpg,/Users/bgcarvalho/Documents/Personal/pos_nanodegree_SDC/CarND-Term1-P3/data/IMG/left_2017_10_25_18_12_52_782.jpg,/Users/bgcarvalho/Documents/Personal/pos_nanodegree_SDC/CarND-Term1-P3/data/IMG/right_2017_10_25_18_12_52_782.jpg,0,0,0,20.49388
/Users/bgcarvalho/Documents/Personal/pos_nanodegree_SDC/CarND-Term1-P3/data/IMG/center_2017_10_25_18_12_52_868.jpg,/Users/bgcarvalho/Documents/Personal/pos_nanodegree_SDC/CarND-Term1-P3/data/IMG/left_2017_10_25_18_12_52_868.jpg,/Users/bgcarvalho/Documents/Personal/pos_nanodegree_SDC/CarND-Term1-P3/data/IMG/right_2017_10_25_18_12_52_868.jpg,0,0,0,20.36743
/Users/bgcarvalho/Documents/Personal/pos_nanodegree_SDC/CarND-Term1-P3/data/IMG/center_2017_10_25_18_12_52_953.jpg,/Users/bgcarvalho/Documents/Personal/pos_nanodegree_SDC/CarND-Term1-P3/data/IMG/left_2017_10_25_18_12_52_953.jpg,/Users/bgcarvalho/Documents/Personal/pos_nanodegree_SDC/CarND-Term1-P3/data/IMG/right_2017_10_25_18_12_52_953.jpg,0,0,0,20.20568
/Users/bgcarvalho/Documents/Personal/pos_nanodegree_SDC/CarND-Term1-P3/data/IMG/center_2017_10_25_18_12_53_034.jpg,/Users/bgcarvalho/Documents/Personal/pos_nanodegree_SDC/CarND-Term1-P3/data/IMG/left_2017_10_25_18_12_53_034.jpg,/Users/bgcarvalho/Documents/Personal/pos_nanodegree_SDC/CarND-Term1-P3/data/IMG/right_2017_10_25_18_12_53_034.jpg,0,0,0,20.04732
/Users/bgcarvalho/Documents/Personal/pos_nanodegree_SDC/CarND-Term1-P3/data/IMG/center_2017_10_25_18_12_53_120.jpg,/Users/bgcarvalho/Documents/Personal/pos_nanodegree_SDC/CarND-Term1-P3/data/IMG/left_2017_10_25_18_12_53_120.jpg,/Users/bgcarvalho/Documents/Personal/pos_nanodegree_SDC/CarND-Term1-P3/data/IMG/right_2017_10_25_18_12_53_120.jpg,0,0,0,19.48046
/Users/bgcarvalho/Documents/Personal/pos_nanodegree_SDC/CarND-Term1-P3/data/IMG/center_2017_10_25_18_12_53_202.jpg,/Users/bgcarvalho/Documents/Personal/pos_nanodegree_SDC/CarND-Term1-P3/data/IMG/left_2017_10_25_18_12_53_202.jpg,/Users/bgcarvalho/Documents/Personal/pos_nanodegree_SDC/CarND-Term1-P3/data/IMG/right_2017_10_25_18_12_53_202.jpg,0,0,0,19.3034
/Users/bgcarvalho/Documents/Personal/pos_nanodegree_SDC/CarND-Term1-P3/data/IMG/center_2017_10_25_18_12_53_285.jpg,/Users/bgcarvalho/Documents/Personal/pos_nanodegree_SDC/CarND-Term1-P3/data/IMG/left_2017_10_25_18_12_53_285.jpg,/Users/bgcarvalho/Documents/Personal/pos_nanodegree_SDC/CarND-Term1-P3/data/IMG/right_2017_10_25_18_12_53_285.jpg,0,0,0,19.13149
/Users/bgcarvalho/Documents/Personal/pos_nanodegree_SDC/CarND-Term1-P3/data/IMG/center_2017_10_25_18_12_53_370.jpg,/Users/bgcarvalho/Documents/Personal/pos_nanodegree_SDC/CarND-Term1-P3/data/IMG/left_2017_10_25_18_12_53_370.jpg,/Users/bgcarvalho/Documents/Personal/pos_nanodegree_SDC/CarND-Term1-P3/data/IMG/right_2017_10_25_18_12_53_370.jpg,-0.2279997,0,0,18.95765
/Users/bgcarvalho/Documents/Personal/pos_nanodegree_SDC/CarND-Term1-P3/data/IMG/center_2017_10_25_18_12_53_457.jpg,/Users/bgcarvalho/Documents/Personal/pos_nanodegree_SDC/CarND-Term1-P3/data/IMG/left_2017_10_25_18_12_53_457.jpg,/Users/bgcarvalho/Documents/Personal/pos_nanodegree_SDC/CarND-Term1-P3/data/IMG/right_2017_10_25_18_12_53_457.jpg,-0.3040057,0,0,18.72195
/Users/bgcarvalho/Documents/Personal/pos_nanodegree_SDC/CarND-Term1-P3/data/IMG/center_2017_10_25_18_12_53_542.jpg,/Users/bgcarvalho/Documents/Personal/pos_nanodegree_SDC/CarND-Term1-P3/data/IMG/left_2017_10_25_18_12_53_542.jpg,/Users/bgcarvalho/Documents/Personal/pos_nanodegree_SDC/CarND-Term1-P3/data/IMG/right_2017_10_25_18_12_53_542.jpg,-0.3040057,0,0,18.96293
/Users/bgcarvalho/Documents/Personal/pos_nanodegree_SDC/CarND-Term1-P3/data/IMG/center_2017_10_25_18_12_53_626.jpg,/Users/bgcarvalho/Documents/Personal/pos_nanodegree_SDC/CarND-Term1-P3/data/IMG/left_2017_10_25_18_12_53_626.jpg,/Users/bgcarvalho/Documents/Personal/pos_nanodegree_SDC/CarND-Term1-P3/data/IMG/right_2017_10_25_18_12_53_626.jpg,-0.3040057,0,0,18.80092
/Users/bgcarvalho/Documents/Personal/pos_nanodegree_SDC/CarND-Term1-P3/data/IMG/center_2017_10_25_18_12_53_714.jpg,/Users/bgcarvalho/Documents/Personal/pos_nanodegree_SDC/CarND-Term1-P3/data/IMG/left_2017_10_25_18_12_53_714.jpg,/Users/bgcarvalho/Documents/Personal/pos_nanodegree_SDC/CarND-Term1-P3/data/IMG/right_2017_10_25_18_12_53_714.jpg,0,0,0,18.63579
/Users/bgcarvalho/Documents/Personal/pos_nanodegree_SDC/CarND-Term1-P3/data/IMG/center_2017_10_25_18_12_53_808.jpg,/Users/bgcarvalho/Documents/Personal/pos_nanodegree_SDC/CarND-Term1-P3/data/IMG/left_2017_10_25_18_12_53_808.jpg,/Users/bgcarvalho/Documents/Personal/pos_nanodegree_SDC/CarND-Term1-P3/data/IMG/right_2017_10_25_18_12_53_808.jpg,0,0,0,17.93817
/Users/bgcarvalho/Documents/Personal/pos_nanodegree_SDC/CarND-Term1-P3/data/IMG/center_2017_10_25_18_12_53_897.jpg,/Users/bgcarvalho/Documents/Personal/pos_nanodegree_SDC/CarND-Term1-P3/data/IMG/left_2017_10_25_18_12_53_897.jpg,/Users/bgcarvalho/Documents/Personal/pos_nanodegree_SDC/CarND-Term1-P3/data/IMG/right_2017_10_25_18_12_53_897.jpg,0,0,0,17.78005
/Users/bgcarvalho/Documents/Personal/pos_nanodegree_SDC/CarND-Term1-P3/data/IMG/center_2017_10_25_18_12_53_995.jpg,/Users/bgcarvalho/Documents/Personal/pos_nanodegree_SDC/CarND-Term1-P3/data/IMG/left_2017_10_25_18_12_53_995.jpg,/Users/bgcarvalho/Documents/Personal/pos_nanodegree_SDC/CarND-Term1-P3/data/IMG/right_2017_10_25_18_12_53_995.jpg,0,0,0,18.07617
/Users/bgcarvalho/Documents/Personal/pos_nanodegree_SDC/CarND-Term1-P3/data/IMG/center_2017_10_25_18_12_54_081.jpg,/Users/bgcarvalho/Documents/Personal/pos_nanodegree_SDC/CarND-Term1-P3/data/IMG/left_2017_10_25_18_12_54_081.jpg,/Users/bgcarvalho/Documents/Personal/pos_nanodegree_SDC/CarND-Term1-P3/data/IMG/right_2017_10_25_18_12_54_081.jpg,0,0,0,17.89557
/Users/bgcarvalho/Documents/Personal/pos_nanodegree_SDC/CarND-Term1-P3/data/IMG/center_2017_10_25_18_12_54_167.jpg,/Users/bgcarvalho/Documents/Personal/pos_nanodegree_SDC/CarND-Term1-P3/data/IMG/left_2017_10_25_18_12_54_167.jpg,/Users/bgcarvalho/Documents/Personal/pos_nanodegree_SDC/CarND-Term1-P3/data/IMG/right_2017_10_25_18_12_54_167.jpg,0,0,0,17.71949
/Users/bgcarvalho/Documents/Personal/pos_nanodegree_SDC/CarND-Term1-P3/data/IMG/center_2017_10_25_18_12_54_253.jpg,/Users/bgcarvalho/Documents/Personal/pos_nanodegree_SDC/CarND-Term1-P3/data/IMG/left_2017_10_25_18_12_54_253.jpg,/Users/bgcarvalho/Documents/Personal/pos_nanodegree_SDC/CarND-Term1-P3/data/IMG/right_2017_10_25_18_12_54_253.jpg,-0.3703751,0,0,17.52246
/Users/bgcarvalho/Documents/Personal/pos_nanodegree_SDC/CarND-Term1-P3/data/IMG/center_2017_10_25_18_12_54_341.jpg,/Users/bgcarvalho/Documents/Personal/pos_nanodegree_SDC/CarND-Term1-P3/data/IMG/left_2017_10_25_18_12_54_341.jpg,/Users/bgcarvalho/Documents/Personal/pos_nanodegree_SDC/CarND-Term1-P3/data/IMG/right_2017_10_25_18_12_54_341.jpg,-0.4938089,0,0,16.80523
/Users/bgcarvalho/Documents/Personal/pos_nanodegree_SDC/CarND-Term1-P3/data/IMG/center_2017_10_25_18_12_54_414.jpg,/Users/bgcarvalho/Documents/Personal/pos_nanodegree_SDC/CarND-Term1-P3/data/IMG/left_2017_10_25_18_12_54_414.jpg,/Users/bgcarvalho/Documents/Personal/pos_nanodegree_SDC/CarND-Term1-P3/data/IMG/right_2017_10_25_18_12_54_414.jpg,-0.5184625,0,0,16.61103
/Users/bgcarvalho/Documents/Personal/pos_nanodegree_SDC/CarND-Term1-P3/data/IMG/center_2017_10_25_18_12_54_498.jpg,/Users/bgcarvalho/Documents/Personal/pos_nanodegree_SDC/CarND-Term1-P3/data/IMG/left_2017_10_25_18_12_54_498.jpg,/Users/bgcarvalho/Documents/Personal/pos_nanodegree_SDC/CarND-Term1-P3/data/IMG/right_2017_10_25_18_12_54_498.jpg,-0.5184625,0,0,16.53681
/Users/bgcarvalho/Documents/Personal/pos_nanodegree_SDC/CarND-Term1-P3/data/IMG/center_2017_10_25_18_12_54_597.jpg,/Users/bgcarvalho/Documents/Personal/pos_nanodegree_SDC/CarND-Term1-P3/data/IMG/left_2017_10_25_18_12_54_597.jpg,/Users/bgcarvalho/Documents/Personal/pos_nanodegree_SDC/CarND-Term1-P3/data/IMG/right_2017_10_25_18_12_54_597.jpg,-0.5184625,0,0,16.83926
/Users/bgcarvalho/Documents/Personal/pos_nanodegree_SDC/CarND-Term1-P3/data/IMG/center_2017_10_25_18_12_54_683.jpg,/Users/bgcarvalho/Documents/Personal/pos_nanodegree_SDC/CarND-Term1-P3/data/IMG/left_2017_10_25_18_12_54_683.jpg,/Users/bgcarvalho/Documents/Personal/pos_nanodegree_SDC/CarND-Term1-P3/data/IMG/right_2017_10_25_18_12_54_683.jpg,-0.5184625,0,0,16.73869
/Users/bgcarvalho/Documents/Personal/pos_nanodegree_SDC/CarND-Term1-P3/data/IMG/center_2017_10_25_18_12_54_759.jpg,/Users/bgcarvalho/Documents/Personal/pos_nanodegree_SDC/CarND-Term1-P3/data/IMG/left_2017_10_25_18_12_54_759.jpg,/Users/bgcarvalho/Documents/Personal/pos_nanodegree_SDC/CarND-Term1-P3/data/IMG/right_2017_10_25_18_12_54_759.jpg,0,0,0,16.50037
/Users/bgcarvalho/Documents/Personal/pos_nanodegree_SDC/CarND-Term1-P3/data/IMG/center_2017_10_25_18_12_54_861.jpg,/Users/bgcarvalho/Documents/Personal/pos_nanodegree_SDC/CarND-Term1-P3/data/IMG/left_2017_10_25_18_12_54_861.jpg,/Users/bgcarvalho/Documents/Personal/pos_nanodegree_SDC/CarND-Term1-P3/data/IMG/right_2017_10_25_18_12_54_861.jpg,0,0,0,15.80651
/Users/bgcarvalho/Documents/Personal/pos_nanodegree_SDC/CarND-Term1-P3/data/IMG/center_2017_10_25_18_12_54_922.jpg,/Users/bgcarvalho/Documents/Personal/pos_nanodegree_SDC/CarND-Term1-P3/data/IMG/left_2017_10_25_18_12_54_922.jpg,/Users/bgcarvalho/Documents/Personal/pos_nanodegree_SDC/CarND-Term1-P3/data/IMG/right_2017_10_25_18_12_54_922.jpg,0,0,0,16.25982
/Users/bgcarvalho/Documents/Personal/pos_nanodegree_SDC/CarND-Term1-P3/data/IMG/center_2017_10_25_18_12_55_014.jpg,/Users/bgcarvalho/Documents/Personal/pos_nanodegree_SDC/CarND-Term1-P3/data/IMG/left_2017_10_25_18_12_55_014.jpg,/Users/bgcarvalho/Documents/Personal/pos_nanodegree_SDC/CarND-Term1-P3/data/IMG/right_2017_10_25_18_12_55_014.jpg,0,0,0,15.57209
/Users/bgcarvalho/Documents/Personal/pos_nanodegree_SDC/CarND-Term1-P3/data/IMG/center_2017_10_25_18_12_55_108.jpg,/Users/bgcarvalho/Documents/Personal/pos_nanodegree_SDC/CarND-Term1-P3/data/IMG/left_2017_10_25_18_12_55_108.jpg,/Users/bgcarvalho/Documents/Personal/pos_nanodegree_SDC/CarND-Term1-P3/data/IMG/right_2017_10_25_18_12_55_108.jpg,0,0,0,15.95072
/Users/bgcarvalho/Documents/Personal/pos_nanodegree_SDC/CarND-Term1-P3/data/IMG/center_2017_10_25_18_12_55_208.jpg,/Users/bgcarvalho/Documents/Personal/pos_nanodegree_SDC/CarND-Term1-P3/data/IMG/left_2017_10_25_18_12_55_208.jpg,/Users/bgcarvalho/Documents/Personal/pos_nanodegree_SDC/CarND-Term1-P3/data/IMG/right_2017_10_25_18_12_55_208.jpg,0,0,0,15.27471
/Users/bgcarvalho/Documents/Personal/pos_nanodegree_SDC/CarND-Term1-P3/data/IMG/center_2017_10_25_18_12_55_295.jpg,/Users/bgcarvalho/Documents/Personal/pos_nanodegree_SDC/CarND-Term1-P3/data/IMG/left_2017_10_25_18_12_55_295.jpg,/Users/bgcarvalho/Documents/Personal/pos_nanodegree_SDC/CarND-Term1-P3/data/IMG/right_2017_10_25_18_12_55_295.jpg,0,0,0,15.1567
/Users/bgcarvalho/Documents/Personal/pos_nanodegree_SDC/CarND-Term1-P3/data/IMG/center_2017_10_25_18_12_55_391.jpg,/Users/bgcarvalho/Documents/Personal/pos_nanodegree_SDC/CarND-Term1-P3/data/IMG/left_2017_10_25_18_12_55_391.jpg,/Users/bgcarvalho/Documents/Personal/pos_nanodegree_SDC/CarND-Term1-P3/data/IMG/right_2017_10_25_18_12_55_391.jpg,-0.04444281,0,0,15.52725
/Users/bgcarvalho/Documents/Personal/pos_nanodegree_SDC/CarND-Term1-P3/data/IMG/center_2017_10_25_18_12_55_482.jpg,/Users/bgcarvalho/Documents/Personal/pos_nanodegree_SDC/CarND-Term1-P3/data/IMG/left_2017_10_25_18_12_55_482.jpg,/Users/bgcarvalho/Documents/Personal/pos_nanodegree_SDC/CarND-Term1-P3/data/IMG/right_2017_10_25_18_12_55_482.jpg,-0.199403,0,0,15.38893
/Users/bgcarvalho/Documents/Personal/pos_nanodegree_SDC/CarND-Term1-P3/data/IMG/center_2017_10_25_18_12_55_575.jpg,/Users/bgcarvalho/Documents/Personal/pos_nanodegree_SDC/CarND-Term1-P3/data/IMG/left_2017_10_25_18_12_55_575.jpg,/Users/bgcarvalho/Documents/Personal/pos_nanodegree_SDC/CarND-Term1-P3/data/IMG/right_2017_10_25_18_12_55_575.jpg,-0.2483048,0,0,14.70471
/Users/bgcarvalho/Documents/Personal/pos_nanodegree_SDC/CarND-Term1-P3/data/IMG/center_2017_10_25_18_12_55_659.jpg,/Users/bgcarvalho/Documents/Personal/pos_nanodegree_SDC/CarND-Term1-P3/data/IMG/left_2017_10_25_18_12_55_659.jpg,/Users/bgcarvalho/Documents/Personal/pos_nanodegree_SDC/CarND-Term1-P3/data/IMG/right_2017_10_25_18_12_55_659.jpg,-0.2499631,0,0,14.58028
/Users/bgcarvalho/Documents/Personal/pos_nanodegree_SDC/CarND-Term1-P3/data/IMG/center_2017_10_25_18_12_55_738.jpg,/Users/bgcarvalho/Documents/Personal/pos_nanodegree_SDC/CarND-Term1-P3/data/IMG/left_2017_10_25_18_12_55_738.jpg,/Users/bgcarvalho/Documents/Personal/pos_nanodegree_SDC/CarND-Term1-P3/data/IMG/right_2017_10_25_18_12_55_738.jpg,-0.2499631,0,0,14.45654
/Users/bgcarvalho/Documents/Personal/pos_nanodegree_SDC/CarND-Term1-P3/data/IMG/center_2017_10_25_18_12_55_815.jpg,/Users/bgcarvalho/Documents/Personal/pos_nanodegree_SDC/CarND-Term1-P3/data/IMG/left_2017_10_25_18_12_55_815.jpg,/Users/bgcarvalho/Documents/Personal/pos_nanodegree_SDC/CarND-Term1-P3/data/IMG/right_2017_10_25_18_12_55_815.jpg,-0.2499631,0,0,14.3074
/Users/bgcarvalho/Documents/Personal/pos_nanodegree_SDC/CarND-Term1-P3/data/IMG/center_2017_10_25_18_12_55_913.jpg,/Users/bgcarvalho/Documents/Personal/pos_nanodegree_SDC/CarND-Term1-P3/data/IMG/left_2017_10_25_18_12_55_913.jpg,/Users/bgcarvalho/Documents/Personal/pos_nanodegree_SDC/CarND-Term1-P3/data/IMG/right_2017_10_25_18_12_55_913.jpg,0,0,0,14.69311
/Users/bgcarvalho/Documents/Personal/pos_nanodegree_SDC/CarND-Term1-P3/data/IMG/center_2017_10_25_18_12_55_998.jpg,/Users/bgcarvalho/Documents/Personal/pos_nanodegree_SDC/CarND-Term1-P3/data/IMG/left_2017_10_25_18_12_55_998.jpg,/Users/bgcarvalho/Documents/Personal/pos_nanodegree_SDC/CarND-Term1-P3/data/IMG/right_2017_10_25_18_12_55_998.jpg,0,0,0,14.59389
/Users/bgcarvalho/Documents/Personal/pos_nanodegree_SDC/CarND-Term1-P3/data/IMG/center_2017_10_25_18_12_56_086.jpg,/Users/bgcarvalho/Documents/Personal/pos_nanodegree_SDC/CarND-Term1-P3/data/IMG/left_2017_10_25_18_12_56_086.jpg,/Users/bgcarvalho/Documents/Personal/pos_nanodegree_SDC/CarND-Term1-P3/data/IMG/right_2017_10_25_18_12_56_086.jpg,0,0,0,14.45766
/Users/bgcarvalho/Documents/Personal/pos_nanodegree_SDC/CarND-Term1-P3/data/IMG/center_2017_10_25_18_12_56_169.jpg,/Users/bgcarvalho/Documents/Personal/pos_nanodegree_SDC/CarND-Term1-P3/data/IMG/left_2017_10_25_18_12_56_169.jpg,/Users/bgcarvalho/Documents/Personal/pos_nanodegree_SDC/CarND-Term1-P3/data/IMG/right_2017_10_25_18_12_56_169.jpg,0,0,0,14.35078
/Users/bgcarvalho/Documents/Personal/pos_nanodegree_SDC/CarND-Term1-P3/data/IMG/center_2017_10_25_18_12_56_254.jpg,/Users/bgcarvalho/Documents/Personal/pos_nanodegree_SDC/CarND-Term1-P3/data/IMG/left_2017_10_25_18_12_56_254.jpg,/Users/bgcarvalho/Documents/Personal/pos_nanodegree_SDC/CarND-Term1-P3/data/IMG/right_2017_10_25_18_12_56_254.jpg,0,0,0,13.68375
/Users/bgcarvalho/Documents/Personal/pos_nanodegree_SDC/CarND-Term1-P3/data/IMG/center_2017_10_25_18_12_56_341.jpg,/Users/bgcarvalho/Documents/Personal/pos_nanodegree_SDC/CarND-Term1-P3/data/IMG/left_2017_10_25_18_12_56_341.jpg,/Users/bgcarvalho/Documents/Personal/pos_nanodegree_SDC/CarND-Term1-P3/data/IMG/right_2017_10_25_18_12_56_341.jpg,0,0,0,13.51084
/Users/bgcarvalho/Documents/Personal/pos_nanodegree_SDC/CarND-Term1-P3/data/IMG/center_2017_10_25_18_12_56_429.jpg,/Users/bgcarvalho/Documents/Personal/pos_nanodegree_SDC/CarND-Term1-P3/data/IMG/left_2017_10_25_18_12_56_429.jpg,/Users/bgcarvalho/Documents/Personal/pos_nanodegree_SDC/CarND-Term1-P3/data/IMG/right_2017_10_25_18_12_56_429.jpg,0,0,0,13.46113
/Users/bgcarvalho/Documents/Personal/pos_nanodegree_SDC/CarND-Term1-P3/data/IMG/center_2017_10_25_18_12_56_518.jpg,/Users/bgcarvalho/Documents/Personal/pos_nanodegree_SDC/CarND-Term1-P3/data/IMG/left_2017_10_25_18_12_56_518.jpg,/Users/bgcarvalho/Documents/Personal/pos_nanodegree_SDC/CarND-Term1-P3/data/IMG/right_2017_10_25_18_12_56_518.jpg,0,0,0,13.82432
/Users/bgcarvalho/Documents/Personal/pos_nanodegree_SDC/CarND-Term1-P3/data/IMG/center_2017_10_25_18_12_56_607.jpg,/Users/bgcarvalho/Documents/Personal/pos_nanodegree_SDC/CarND-Term1-P3/data/IMG/left_2017_10_25_18_12_56_607.jpg,/Users/bgcarvalho/Documents/Personal/pos_nanodegree_SDC/CarND-Term1-P3/data/IMG/right_2017_10_25_18_12_56_607.jpg,0,0,0,13.73359
/Users/bgcarvalho/Documents/Personal/pos_nanodegree_SDC/CarND-Term1-P3/data/IMG/center_2017_10_25_18_12_56_695.jpg,/Users/bgcarvalho/Documents/Personal/pos_nanodegree_SDC/CarND-Term1-P3/data/IMG/left_2017_10_25_18_12_56_695.jpg,/Users/bgcarvalho/Documents/Personal/pos_nanodegree_SDC/CarND-Term1-P3/data/IMG/right_2017_10_25_18_12_56_695.jpg,0,0,0,12.99931
/Users/bgcarvalho/Documents/Personal/pos_nanodegree_SDC/CarND-Term1-P3/data/IMG/center_2017_10_25_18_12_56_781.jpg,/Users/bgcarvalho/Documents/Personal/pos_nanodegree_SDC/CarND-Term1-P3/data/IMG/left_2017_10_25_18_12_56_781.jpg,/Users/bgcarvalho/Documents/Personal/pos_nanodegree_SDC/CarND-Term1-P3/data/IMG/right_2017_10_25_18_12_56_781.jpg,0,0,0,12.88889
/Users/bgcarvalho/Documents/Personal/pos_nanodegree_SDC/CarND-Term1-P3/data/IMG/center_2017_10_25_18_12_56_867.jpg,/Users/bgcarvalho/Documents/Personal/pos_nanodegree_SDC/CarND-Term1-P3/data/IMG/left_2017_10_25_18_12_56_867.jpg,/Users/bgcarvalho/Documents/Personal/pos_nanodegree_SDC/CarND-Term1-P3/data/IMG/right_2017_10_25_18_12_56_867.jpg,0,0,0,12.78038
/Users/bgcarvalho/Documents/Personal/pos_nanodegree_SDC/CarND-Term1-P3/data/IMG/center_2017_10_25_18_12_56_928.jpg,/Users/bgcarvalho/Documents/Personal/pos_nanodegree_SDC/CarND-Term1-P3/data/IMG/left_2017_10_25_18_12_56_928.jpg,/Users/bgcarvalho/Documents/Personal/pos_nanodegree_SDC/CarND-Term1-P3/data/IMG/right_2017_10_25_18_12_56_928.jpg,0,0,0,12.6747
/Users/bgcarvalho/Documents/Personal/pos_nanodegree_SDC/CarND-Term1-P3/data/IMG/center_2017_10_25_18_12_57_023.jpg,/Users/bgcarvalho/Documents/Personal/pos_nanodegree_SDC/CarND-Term1-P3/data/IMG/left_2017_10_25_18_12_57_023.jpg,/Users/bgcarvalho/Documents/Personal/pos_nanodegree_SDC/CarND-Term1-P3/data/IMG/right_2017_10_25_18_12_57_023.jpg,0,0,0,12.5693
/Users/bgcarvalho/Documents/Personal/pos_nanodegree_SDC/CarND-Term1-P3/data/IMG/center_2017_10_25_18_12_57_108.jpg,/Users/bgcarvalho/Documents/Personal/pos_nanodegree_SDC/CarND-Term1-P3/data/IMG/left_2017_10_25_18_12_57_108.jpg,/Users/bgcarvalho/Documents/Personal/pos_nanodegree_SDC/CarND-Term1-P3/data/IMG/right_2017_10_25_18_12_57_108.jpg,0,0,0,12.99576
/Users/bgcarvalho/Documents/Personal/pos_nanodegree_SDC/CarND-Term1-P3/data/IMG/center_2017_10_25_18_12_57_179.jpg,/Users/bgcarvalho/Documents/Personal/pos_nanodegree_SDC/CarND-Term1-P3/data/IMG/left_2017_10_25_18_12_57_179.jpg,/Users/bgcarvalho/Documents/Personal/pos_nanodegree_SDC/CarND-Term1-P3/data/IMG/right_2017_10_25_18_12_57_179.jpg,0,0,0,12.36021
/Users/bgcarvalho/Documents/Personal/pos_nanodegree_SDC/CarND-Term1-P3/data/IMG/center_2017_10_25_18_12_57_274.jpg,/Users/bgcarvalho/Documents/Personal/pos_nanodegree_SDC/CarND-Term1-P3/data/IMG/left_2017_10_25_18_12_57_274.jpg,/Users/bgcarvalho/Documents/Personal/pos_nanodegree_SDC/CarND-Term1-P3/data/IMG/right_2017_10_25_18_12_57_274.jpg,0,0,0,12.7864
/Users/bgcarvalho/Documents/Personal/pos_nanodegree_SDC/CarND-Term1-P3/data/IMG/center_2017_10_25_18_12_57_353.jpg,/Users/bgcarvalho/Documents/Personal/pos_nanodegree_SDC/CarND-Term1-P3/data/IMG/left_2017_10_25_18_12_57_353.jpg,/Users/bgcarvalho/Documents/Personal/pos_nanodegree_SDC/CarND-Term1-P3/data/IMG/right_2017_10_25_18_12_57_353.jpg,0,0,0,12.68261
/Users/bgcarvalho/Documents/Personal/pos_nanodegree_SDC/CarND-Term1-P3/data/IMG/center_2017_10_25_18_12_57_426.jpg,/Users/bgcarvalho/Documents/Personal/pos_nanodegree_SDC/CarND-Term1-P3/data/IMG/left_2017_10_25_18_12_57_426.jpg,/Users/bgcarvalho/Documents/Personal/pos_nanodegree_SDC/CarND-Term1-P3/data/IMG/right_2017_10_25_18_12_57_426.jpg,0,0,0,12.57836
/Users/bgcarvalho/Documents/Personal/pos_nanodegree_SDC/CarND-Term1-P3/data/IMG/center_2017_10_25_18_12_57_508.jpg,/Users/bgcarvalho/Documents/Personal/pos_nanodegree_SDC/CarND-Term1-P3/data/IMG/left_2017_10_25_18_12_57_508.jpg,/Users/bgcarvalho/Documents/Personal/pos_nanodegree_SDC/CarND-Term1-P3/data/IMG/right_2017_10_25_18_12_57_508.jpg,0,0,0,11.94943
/Users/bgcarvalho/Documents/Personal/pos_nanodegree_SDC/CarND-Term1-P3/data/IMG/center_2017_10_25_18_12_57_589.jpg,/Users/bgcarvalho/Documents/Personal/pos_nanodegree_SDC/CarND-Term1-P3/data/IMG/left_2017_10_25_18_12_57_589.jpg,/Users/bgcarvalho/Documents/Personal/pos_nanodegree_SDC/CarND-Term1-P3/data/IMG/right_2017_10_25_18_12_57_589.jpg,0,0,0,11.84856
/Users/bgcarvalho/Documents/Personal/pos_nanodegree_SDC/CarND-Term1-P3/data/IMG/center_2017_10_25_18_12_57_672.jpg,/Users/bgcarvalho/Documents/Personal/pos_nanodegree_SDC/CarND-Term1-P3/data/IMG/left_2017_10_25_18_12_57_672.jpg,/Users/bgcarvalho/Documents/Personal/pos_nanodegree_SDC/CarND-Term1-P3/data/IMG/right_2017_10_25_18_12_57_672.jpg,0,0,0,12.27219
/Users/bgcarvalho/Documents/Personal/pos_nanodegree_SDC/CarND-Term1-P3/data/IMG/center_2017_10_25_18_12_57_751.jpg,/Users/bgcarvalho/Documents/Personal/pos_nanodegree_SDC/CarND-Term1-P3/data/IMG/left_2017_10_25_18_12_57_751.jpg,/Users/bgcarvalho/Documents/Personal/pos_nanodegree_SDC/CarND-Term1-P3/data/IMG/right_2017_10_25_18_12_57_751.jpg,0,0,0,12.17146
/Users/bgcarvalho/Documents/Personal/pos_nanodegree_SDC/CarND-Term1-P3/data/IMG/center_2017_10_25_18_12_57_888.jpg,/Users/bgcarvalho/Documents/Personal/pos_nanodegree_SDC/CarND-Term1-P3/data/IMG/left_2017_10_25_18_12_57_888.jpg,/Users/bgcarvalho/Documents/Personal/pos_nanodegree_SDC/CarND-Term1-P3/data/IMG/right_2017_10_25_18_12_57_888.jpg,0,0,0,12.07154
